asset_id,filename,type,source,license,duration,usage,shots
SC01,assets/screenshots/ws_architecture.jpg,image/jpeg 2524×1591,Rendered from JHS_MES_v3_0_SIP_Unit-I.xlsx (this repository) after LibreOffice Calc 24.2 full recalculation; tools/capture_workbook.sh,Your own work (workbook author). Contains fictional demonstration data only,still,Screen content,—
SC02,assets/screenshots/ws_complaint_tool.jpg,image/jpeg 4725×1181,Rendered from JHS_MES_v3_0_SIP_Unit-I.xlsx (this repository) after LibreOffice Calc 24.2 full recalculation; tools/capture_workbook.sh,Your own work (workbook author). Contains fictional demonstration data only,still,Screen content,S6
SC03,assets/screenshots/ws_dashboard_allbrands.jpg,image/jpeg 2337×2671,Rendered from JHS_MES_v3_0_SIP_Unit-I.xlsx (this repository) after LibreOffice Calc 24.2 full recalculation; tools/capture_workbook.sh,Your own work (workbook author). Contains fictional demonstration data only,still,Screen content,"S6, S8, S11"
SC04,assets/screenshots/ws_dashboard_chicco.jpg,image/jpeg 2337×2671,"Rendered from JHS_MES_v3_0_SIP_Unit-I.xlsx (this repository) after LibreOffice Calc 24.2 full recalculation; tools/capture_workbook.sh; DASHBOARD!A6 (brand filter) set to Chicco, then recalculated",Your own work (workbook author). Contains fictional demonstration data only,still,Screen content,S8
SC05,assets/screenshots/ws_home.jpg,image/jpeg 3010×2330,Rendered from JHS_MES_v3_0_SIP_Unit-I.xlsx (this repository) after LibreOffice Calc 24.2 full recalculation; tools/capture_workbook.sh,Your own work (workbook author). Contains fictional demonstration data only,still,Screen content,—
SC06,assets/screenshots/ws_master_traceability.jpg,image/jpeg 4670×1279,Rendered from JHS_MES_v3_0_SIP_Unit-I.xlsx (this repository) after LibreOffice Calc 24.2 full recalculation; tools/capture_workbook.sh,Your own work (workbook author). Contains fictional demonstration data only,still,Screen content,"S5, S6"
SC07,assets/screenshots/ws_master_traceability_status.jpg,image/jpeg 3406×1074,Rendered from JHS_MES_v3_0_SIP_Unit-I.xlsx (this repository) after LibreOffice Calc 24.2 full recalculation; tools/capture_workbook.sh,Your own work (workbook author). Contains fictional demonstration data only,still,Screen content,"S5, S6"
SC08,assets/screenshots/ws_oee_dashboard.jpg,image/jpeg 2849×2671,Rendered from JHS_MES_v3_0_SIP_Unit-I.xlsx (this repository) after LibreOffice Calc 24.2 full recalculation; tools/capture_workbook.sh,Your own work (workbook author). Contains fictional demonstration data only,still,Screen content,S6
SC09,assets/screenshots/ws_raw_dispatch.jpg,image/jpeg 4679×1241,Rendered from JHS_MES_v3_0_SIP_Unit-I.xlsx (this repository) after LibreOffice Calc 24.2 full recalculation; tools/capture_workbook.sh,Your own work (workbook author). Contains fictional demonstration data only,still,Screen content,"S2, S8"
SC10,assets/screenshots/ws_raw_handle.jpg,image/jpeg 4377×1279,Rendered from JHS_MES_v3_0_SIP_Unit-I.xlsx (this repository) after LibreOffice Calc 24.2 full recalculation; tools/capture_workbook.sh,Your own work (workbook author). Contains fictional demonstration data only,still,Screen content,S2
SC11,assets/screenshots/ws_raw_production.jpg,image/jpeg 4712×1253,Rendered from JHS_MES_v3_0_SIP_Unit-I.xlsx (this repository) after LibreOffice Calc 24.2 full recalculation; tools/capture_workbook.sh,Your own work (workbook author). Contains fictional demonstration data only,still,Screen content,"S1, S2, S8"
SC12,assets/screenshots/ws_raw_qc.jpg,image/jpeg 4037×1279,Rendered from JHS_MES_v3_0_SIP_Unit-I.xlsx (this repository) after LibreOffice Calc 24.2 full recalculation; tools/capture_workbook.sh,Your own work (workbook author). Contains fictional demonstration data only,still,Screen content,"S2, S8"
SC13,assets/screenshots/ws_reverse_trace.jpg,image/jpeg 3990×1449,"Rendered from JHS_MES_v3_0_SIP_Unit-I.xlsx (this repository) after LibreOffice Calc 24.2 full recalculation; tools/capture_workbook.sh; REVERSE TRACE!A7 set to PR-2026-00003 (the run followed in the film), then recalculated",Your own work (workbook author). Contains fictional demonstration data only,still,Screen content,"S6, S7"
SC14,assets/screenshots/ws_trace_report_empty.jpg,image/jpeg 3640×2656,"Rendered from JHS_MES_v3_0_SIP_Unit-I.xlsx (this repository) after LibreOffice Calc 24.2 full recalculation; tools/capture_workbook.sh; Input cells TRACE REPORT!A7 and A35 cleared, then recalculated",Your own work (workbook author). Contains fictional demonstration data only,still,Screen content,S7
SC15,assets/screenshots/ws_trace_report_found.jpg,image/jpeg 3640×2656,Rendered from JHS_MES_v3_0_SIP_Unit-I.xlsx (this repository) after LibreOffice Calc 24.2 full recalculation; tools/capture_workbook.sh,Your own work (workbook author). Contains fictional demonstration data only,still,Screen content,"S3, S6, S7"
FX01,assets/sfx/click.wav,audio/wav 48 kHz,Synthesised for this film by tools/make_audio.py,Original work — no third-party rights; free for commercial use,0.05 s,Sound effect,see SFX cue sheet
FX02,assets/sfx/confirm.wav,audio/wav 48 kHz,Synthesised for this film by tools/make_audio.py,Original work — no third-party rights; free for commercial use,0.35 s,Sound effect,see SFX cue sheet
FX03,assets/sfx/data_tick.wav,audio/wav 48 kHz,Synthesised for this film by tools/make_audio.py,Original work — no third-party rights; free for commercial use,0.50 s,Sound effect,see SFX cue sheet
FX04,assets/sfx/key.wav,audio/wav 48 kHz,Synthesised for this film by tools/make_audio.py,Original work — no third-party rights; free for commercial use,0.06 s,Sound effect,see SFX cue sheet
FX05,assets/sfx/swoosh.wav,audio/wav 48 kHz,Synthesised for this film by tools/make_audio.py,Original work — no third-party rights; free for commercial use,0.60 s,Sound effect,see SFX cue sheet
MU01,assets/audio/mes_score_120bpm.wav,audio/wav 48 kHz 24-bit,Composed and synthesised for this film by tools/make_audio.py,Original work — no third-party rights; free for commercial use,48.00 s,"Music bed, 120 BPM",S1–S12
FO01,assets/fonts/Carlito-Bold.ttf,font,Ubuntu packages fonts-inter / fonts-crosextra-carlito,"SIL Open Font License 1.1 (Carlito, Google/Łukasz Dziedzic) — commercial use and embedding allowed",—,Typed batch number (matches workbook cell font),S7
FO02,assets/fonts/Inter-Medium.otf,font,Ubuntu packages fonts-inter / fonts-crosextra-carlito,"SIL Open Font License 1.1 (Inter, Rasmus Andersson) — commercial use and embedding allowed",—,Typography,all
FO03,assets/fonts/Inter-Regular.otf,font,Ubuntu packages fonts-inter / fonts-crosextra-carlito,"SIL Open Font License 1.1 (Inter, Rasmus Andersson) — commercial use and embedding allowed",—,Typography,all
FO04,assets/fonts/Inter-SemiBold.otf,font,Ubuntu packages fonts-inter / fonts-crosextra-carlito,"SIL Open Font License 1.1 (Inter, Rasmus Andersson) — commercial use and embedding allowed",—,Typography,all
